epoch,train_loss,train_ppl,val_loss,val_ppl
1,7.152529644084858,1277.3330697712315,6.362108339202936,579.4667819393018
2,6.304348982773818,546.9454013775077,5.8792571389222,357.54353785265533
3,5.920124153514485,372.4579529696089,5.63590125572321,280.3114357872312
