metric_name,precond_batches,mean,count,std,ci,control_best_batches,target_loss
-A.B,10,3969.0,1,,,3780.0,5.066709530773123
-A.B.C.G.J,10,3843.0,1,,,3780.0,5.066709530773123
-B.C.G.J,10,3843.0,1,,,3780.0,5.066709530773123
