epoch,train_loss,train_ppl,val_loss,val_ppl
1,7.167840092570393,1297.0400886249038,6.421036144817207,614.6396399795366
2,6.371250407917278,584.7885962080936,5.939219029354357,379.63832734479644
3,5.995737313033342,401.71276288182577,5.704302786496256,300.15613416772203
4,5.762874426541629,318.26183565246123,5.564328730017152,260.94997701754215
5,5.586304102506076,266.7479226455727,5.467147670153264,236.78384301078538
6,5.448752731471867,232.46803494588082,5.399560397843763,221.30910685648573
7,5.337915387663331,208.07849486353606,5.342370611434567,209.0075992673308
8,5.244058386071936,189.43735437071933,5.299134474391532,200.16348835341068
9,5.168372314293068,175.62873632200674,5.268926361155916,194.20734192778696
