epoch,train_loss,train_ppl,val_loss,val_ppl
1,7.171621389322348,1301.9538664704305,6.394220118963657,598.3764787366349
