Metric,Value
Test Loss,6.9989
Test LMC Complexity,0.3132
Final Training Loss,5.1736
Final Validation Loss,7.7526
Final Model LMC,0.4263
LMC Weight,0.35000000000000003
Loss Weight,0.6499999999999999

Epoch,Training Loss,Validation Loss,Model LMC
1,8.2174,7.6490,0.0872
2,5.9584,7.8327,0.7105
3,5.6169,7.7394,0.5750
4,5.3253,7.7498,0.4799
5,5.1736,7.7526,0.4263
