epoch,train_loss,train_ppl,val_loss,val_ppl
1,7.178553031041072,1311.009894517973,6.452955416953696,634.5749577849132
2,6.418925833630634,613.3439267315194,5.994317973313022,401.1430004401905
