epoch,train_loss,train_ppl,val_loss,val_ppl
1,7.175448587724379,1306.9462495541802,6.441892873809138,627.5936317438931
2,6.428664039779496,619.3459734820399,6.016979406779842,410.33725993990936
